F,F,F,F,W,R,R,R,R,R,R,R,W,W,H,H,H,H,G,G,G,G,G,G
F,F,F,F,W,R,R,R,R,R,R,RR,W,W,HL,H,H,H,G,G,G,G,G,G
F,F,F,FR,W,R,R,R,R,R,R,R,R,W,H,H,H,H,G,G,G,G,G,G
F,F,F,F,W,R,R,R,R,R,R,R,R,W,H,H,H,H,G,G,G,G,G,G
F,F,F,F,W,R,R,R,R,R,R,R,R,W,H,H,H,H,G,G,G,G,G,G
F,F,F,F,W,R,R,R,R,RD,R,R,R,W,H,H,HD,H,GD,G,G,G,G,G
F,F,F,F,W,W,W,W,W,W,W,W,W,W,W,W,W,W,W,W,M,M,M,M
F,F,F,F,W,W,W,W,W,W,W,W,W,W,W,W,W,W,W,W,M,M,M,M
F,F,F,F,W,W,C,C,W,W,W,W,X,X,W,W,W,W,W,W,M,M,M,M
F,F,F,F,W,W,CL,C,W,W,W,W,X,X,W,W,W,W,W,W,ML,M,M,M
F,F,F,F,W,W,C,C,W,W,W,W,X,X,W,W,W,W,W,W,M,M,M,M
F,F,F,FR,W,W,W,W,W,W,W,W,W,W,W,W,W,W,W,W,M,M,M,M
W,W,W,W,W,W,W,W,W,W,W,W,W,W,W,W,W,W,M,M,M,M,M,M
P,P,PU,P,P,A,A,AU,A,V,V,V,V,VU,V,V,V,V,M,M,M,M,M,M
P,P,P,P,P,A,A,A,A,V,V,V,V,V,V,V,V,V,M,M,M,M,M,M
P,P,P,P,P,A,A,A,A,V,V,V,V,V,V,V,V,V,M,M,M,M,M,M
P,P,P,P,P,A,A,A,A,V,V,V,V,V,V,V,V,V,M,M,M,M,M,M
P,P,P,P,P,A,A,A,A,V,V,V,V,V,V,V,V,V,M,M,M,M,M,M
